2023-06-04,1,www.nhl.com
2023-06-04,2,www.eliteprospects.com
2023-06-04,3,ru.wikipedia.org
2023-06-04,4,www.sports.ru
2023-06-04,5,www.championat.com
2023-06-04,6,www.hockeydb.com
2023-06-04,7,news.sportbox.ru
2023-06-04,8,polit.msu.ru
2023-06-04,9,www.khl.ru
2023-06-04,10,www.miit.ru
2023-06-04,11,www.transfermarkt.world
2023-06-04,12,www.hse.ru
2023-06-04,13,ineos.ac.ru
2023-06-04,14,twitter.com
2023-06-04,15,www.sport-express.ru
2023-06-04,16,tambovoblduma.ru
2023-06-04,17,fasmo.arbitr.ru
2023-06-04,18,www.facebook.com
2023-06-04,19,internist.ru
2023-06-04,20,mgimo.ru
2023-06-04,21,www.sechenov.ru
2023-06-04,22,igsu.ranepa.ru
2023-06-04,23,www.youtube.com
2023-06-04,24,sechenovclinic.ru
2023-06-04,25,www.kino-teatr.ru
2023-06-05,1,www.nhl.com
2023-06-05,2,www.eliteprospects.com
2023-06-05,3,ru.wikipedia.org
2023-06-05,4,www.sports.ru
2023-06-05,5,www.championat.com
2023-06-05,6,polit.msu.ru
2023-06-05,7,news.sportbox.ru
2023-06-05,8,www.hockeydb.com
2023-06-05,9,www.miit.ru
2023-06-05,10,www.khl.ru
2023-06-05,11,www.transfermarkt.world
2023-06-05,12,ineos.ac.ru
2023-06-05,13,igsu.ranepa.ru
2023-06-05,14,www.hse.ru
2023-06-05,15,tambovoblduma.ru
2023-06-05,16,timetable.tusur.ru
2023-06-05,17,voronej.arbitr.ru
2023-06-05,18,www.espn.com
2023-06-05,19,www.kino-teatr.ru
2023-06-05,20,www.facebook.com
2023-06-05,21,internist.ru
2023-06-05,22,mgimo.ru
2023-06-05,23,www.sechenov.ru
2023-06-05,24,goszhil.cap.ru
2023-06-05,25,sechenovclinic.ru
2023-06-10,1,www.nhl.com
2023-06-10,2,www.eliteprospects.com
2023-06-10,3,www.sports.ru
2023-06-10,4,ru.wikipedia.org
2023-06-10,5,www.championat.com
2023-06-10,6,polit.msu.ru
2023-06-10,7,www.hockeydb.com
2023-06-10,8,www.khl.ru
2023-06-10,9,www.miit.ru
2023-06-10,10,www.transfermarkt.world
2023-06-10,11,news.sportbox.ru
2023-06-10,12,ineos.ac.ru
2023-06-10,13,www.sport-express.ru
2023-06-10,14,www.hse.ru
2023-06-10,15,twitter.com
2023-06-10,16,tambovoblduma.ru
2023-06-10,17,sport24.ru
2023-06-10,18,zhukovskiy.ru
2023-06-10,19,mgimo.ru
2023-06-10,20,igsu.ranepa.ru
2023-06-10,21,www.ogkochetkov.ru
2023-06-10,22,www.ozon.ru
2023-06-10,23,www.ugtu.net
2023-06-10,24,www.vhlru.ru
2023-06-10,25,www.youtube.com
2023-06-10,26,drmedgroup.ru
2023-06-10,27,vk.com
